[{"geometry":null,"attributes":{"OID":1,"time":-2208988800000,"INUNDATION_RECURRENCE":271.4315}},{"geometry":null,"attributes":{"OID":2,"time":-2051204171000,"INUNDATION_RECURRENCE":248.631}},{"geometry":null,"attributes":{"OID":3,"time":-1893419541000,"INUNDATION_RECURRENCE":227.746}},{"geometry":null,"attributes":{"OID":4,"time":-1735634911000,"INUNDATION_RECURRENCE":208.6156}},{"geometry":null,"attributes":{"OID":5,"time":-1577850281000,"INUNDATION_RECURRENCE":191.0925}},{"geometry":null,"attributes":{"OID":6,"time":-1420065651000,"INUNDATION_RECURRENCE":175.0415}},{"geometry":null,"attributes":{"OID":7,"time":-1262281021000,"INUNDATION_RECURRENCE":160.3391}},{"geometry":null,"attributes":{"OID":8,"time":-1104496391000,"INUNDATION_RECURRENCE":146.8718}},{"geometry":null,"attributes":{"OID":9,"time":-946711762000,"INUNDATION_RECURRENCE":134.536}},{"geometry":null,"attributes":{"OID":10,"time":-788927132000,"INUNDATION_RECURRENCE":123.2366}},{"geometry":null,"attributes":{"OID":11,"time":-631142502000,"INUNDATION_RECURRENCE":112.8865}},{"geometry":null,"attributes":{"OID":12,"time":-473357872000,"INUNDATION_RECURRENCE":103.406}},{"geometry":null,"attributes":{"OID":13,"time":-315573242000,"INUNDATION_RECURRENCE":94.72192}},{"geometry":null,"attributes":{"OID":14,"time":-157788612000,"INUNDATION_RECURRENCE":86.76746}},{"geometry":null,"attributes":{"OID":15,"time":-3982000,"INUNDATION_RECURRENCE":79.48127}},{"geometry":null,"attributes":{"OID":16,"time":157780648000,"INUNDATION_RECURRENCE":72.80723}},{"geometry":null,"attributes":{"OID":17,"time":315565277000,"INUNDATION_RECURRENCE":66.6939}},{"geometry":null,"attributes":{"OID":18,"time":473349907000,"INUNDATION_RECURRENCE":61.09418}},{"geometry":null,"attributes":{"OID":19,"time":631134537000,"INUNDATION_RECURRENCE":55.96492}},{"geometry":null,"attributes":{"OID":20,"time":788919167000,"INUNDATION_RECURRENCE":51.26658}},{"geometry":null,"attributes":{"OID":21,"time":946703797000,"INUNDATION_RECURRENCE":46.96297}},{"geometry":null,"attributes":{"OID":22,"time":1104488427000,"INUNDATION_RECURRENCE":43.02092}},{"geometry":null,"attributes":{"OID":23,"time":1262273057000,"INUNDATION_RECURRENCE":39.41006}},{"geometry":null,"attributes":{"OID":24,"time":1420057687000,"INUNDATION_RECURRENCE":32.60264}},{"geometry":null,"attributes":{"OID":25,"time":1577842316000,"INUNDATION_RECURRENCE":26.97233}},{"geometry":null,"attributes":{"OID":26,"time":1735626946000,"INUNDATION_RECURRENCE":22.31559}},{"geometry":null,"attributes":{"OID":27,"time":1893411576000,"INUNDATION_RECURRENCE":18.46408}},{"geometry":null,"attributes":{"OID":28,"time":2051196206000,"INUNDATION_RECURRENCE":15.27856}},{"geometry":null,"attributes":{"OID":29,"time":2208980836000,"INUNDATION_RECURRENCE":12.64387}},{"geometry":null,"attributes":{"OID":30,"time":2366765466000,"INUNDATION_RECURRENCE":10.46477}},{"geometry":null,"attributes":{"OID":31,"time":2524550096000,"INUNDATION_RECURRENCE":8.662466}},{"geometry":null,"attributes":{"OID":32,"time":2682334726000,"INUNDATION_RECURRENCE":6.479808}},{"geometry":null,"attributes":{"OID":33,"time":2840119355000,"INUNDATION_RECURRENCE":4.84979}},{"geometry":null,"attributes":{"OID":34,"time":2997903985000,"INUNDATION_RECURRENCE":3.284015}},{"geometry":null,"attributes":{"OID":35,"time":3155688615000,"INUNDATION_RECURRENCE":2.228217}},{"geometry":null,"attributes":{"OID":36,"time":3313473245000,"INUNDATION_RECURRENCE":1.516332}},{"geometry":null,"attributes":{"OID":37,"time":3471257875000,"INUNDATION_RECURRENCE":1.036392}},{"geometry":null,"attributes":{"OID":38,"time":3629042505000,"INUNDATION_RECURRENCE":1}},{"geometry":null,"attributes":{"OID":39,"time":3786827135000,"INUNDATION_RECURRENCE":1}},{"geometry":null,"attributes":{"OID":40,"time":3944611765000,"INUNDATION_RECURRENCE":1}},{"geometry":null,"attributes":{"OID":41,"time":4102396394000,"INUNDATION_RECURRENCE":1}}]